	Unnamed: 0	tad_file	sample	sample_simple	Group	PC1	PC2	PC3	PC4	PC5	PC6
0	0	/tank/projects/diana_hic/cultures_vs_postmortem/8_add_new_tissues/tads_pcas/additional_tissues_tads_results/full_insulation_score_GSE285274_Atrial_D11_15res_150wind.csv	GSE285274_Atrial_D11	Grant (Atrial, D11)	iPSC-derived cardiomyocyte	-215.06927430582888	150.94098419645903	6.716877830377326	69.83589783923165	187.06660597333925	19.572666899733253
1	1	/tank/projects/diana_hic/cultures_vs_postmortem/8_add_new_tissues/tads_pcas/additional_tissues_tads_results/full_insulation_score_GSE285274_Atrial_D45_15res_150wind.csv	GSE285274_Atrial_D45	Grant (Atrial, D45)	iPSC-derived cardiomyocyte	-35.52312132475758	229.89866101975312	-156.90468696608542	-41.45903607010104	-81.53117100358173	37.06901534207432
2	2	/tank/projects/diana_hic/cultures_vs_postmortem/8_add_new_tissues/tads_pcas/additional_tissues_tads_results/full_insulation_score_GSE285274_Atrial_D20_15res_150wind.csv	GSE285274_Atrial_D20	Grant (Atrial, D20)	iPSC-derived cardiomyocyte	-113.39604677459272	192.3020243864523	-80.6933430000524	-14.588940274336096	35.62940433199452	26.191154407490085
3	3	/tank/projects/diana_hic/cultures_vs_postmortem/8_add_new_tissues/tads_pcas/additional_tissues_tads_results/full_insulation_score_GSE285274_Atrial_D2_15res_150wind.csv	GSE285274_Atrial_D2	Grant (Atrial, D2)	iPSC-derived cardiac mesoderm	-178.02616524134507	-97.35209824178244	-101.26207220830284	36.053019520923804	2.886755143257065	32.62214066550359
4	4	/tank/projects/diana_hic/cultures_vs_postmortem/8_add_new_tissues/tads_pcas/additional_tissues_tads_results/full_insulation_score_GSE285274_Atrial_D0_15res_150wind.csv	GSE285274_Atrial_D0	Grant	iPSC	-208.24019635588468	-100.61299085256104	-100.0675502755613	51.43055414944661	61.57578024994609	31.451692687763927
5	5	/tank/projects/diana_hic/cultures_vs_postmortem/8_add_new_tissues/tads_pcas/additional_tissues_tads_results/full_insulation_score_GSE285274_Atrial_D6_15res_150wind.csv	GSE285274_Atrial_D6	Grant (Atrial, D6)	iPSC-derived cardiac precursor	-255.53765027486787	96.937612686265	6.930265652617937	80.11696136385515	235.0208596187333	38.03706537740733
6	6	/tank/projects/diana_hic/cultures_vs_postmortem/8_add_new_tissues/tads_pcas/additional_tissues_tads_results/full_insulation_score_GSE285274_Atrial_D4_15res_150wind.csv	GSE285274_Atrial_D4	Grant (Atrial, D4)	iPSC-derived cardiac mesoderm	-217.22051988530623	-19.534175337591453	-48.75908675693011	59.65343102072121	114.97714927117678	29.18023365758492
7	7	/tank/projects/diana_hic/cultures_vs_postmortem/8_add_new_tissues/tads_pcas/additional_tissues_tads_results/full_insulation_score_GSE285274_Ventricular_D6_15res_150wind.csv	GSE285274_Ventricular_D6	Grant (Ventricular, D6)	iPSC-derived cardiac precursor	-180.93107731166432	61.982901006209445	-82.96887150550728	36.93877018160136	82.03077159343711	42.29656856459008
8	8	/tank/projects/diana_hic/cultures_vs_postmortem/8_add_new_tissues/tads_pcas/additional_tissues_tads_results/full_insulation_score_GSE285274_Ventricular_D11_15res_150wind.csv	GSE285274_Ventricular_D11	Grant (Ventricular, D11)	iPSC-derived cardiomyocyte	-135.61027158597864	94.4805025682435	-123.81043160655648	-43.22497888365473	23.850798988202463	45.37772057956957
9	9	/tank/projects/diana_hic/cultures_vs_postmortem/8_add_new_tissues/tads_pcas/additional_tissues_tads_results/full_insulation_score_GSE285274_Ventricular_D23_15res_150wind.csv	GSE285274_Ventricular_D23	Grant (Ventricular, D23)	iPSC-derived cardiomyocyte	-115.34570584232604	185.64414831748496	-138.78395560548566	-43.25879490733521	3.2082586260231056	43.49393905940769
10	10	/tank/projects/diana_hic/cultures_vs_postmortem/8_add_new_tissues/tads_pcas/additional_tissues_tads_results/full_insulation_score_GSE165303_heart_NF_1_15res_150wind.csv	GSE165303_heart_NF_1	Feng	Heart tissue	-47.95828952121028	297.8184551466239	-26.23646716707633	205.31268257432092	-153.35372916322984	-89.05921245904294
11	11	/tank/projects/diana_hic/cultures_vs_postmortem/8_add_new_tissues/tads_pcas/additional_tissues_tads_results/full_insulation_score_GSE165303_heart_NF_2_15res_150wind.csv	GSE165303_heart_NF_2	Feng	Heart tissue	-68.8807578566125	288.1523573092625	-3.139988075236442	220.16198949566896	-143.117835773283	-103.4920100983841
12	12	/tank/projects/diana_hic/cultures_vs_postmortem/8_add_new_tissues/tads_pcas/additional_tissues_tads_results/full_insulation_score_Choi2020_iPSC_5kb_15res_150wind.csv	Choi2020_iPSC	Choi	iPSC	-109.12581339676976	-159.40123806101852	-108.7937323375973	15.659012463460014	-119.8503581081834	-6.047611816742425
13	13	/tank/projects/diana_hic/cultures_vs_postmortem/8_add_new_tissues/tads_pcas/additional_tissues_tads_results/full_insulation_score_Keough_WTC11_NPC_5kb_hg_15res_150wind.csv	Keough_WTC11_NPC	Keough	NPC	-152.32164688928347	98.53052817046884	-38.52207165472476	-70.89427217381463	88.10173587971812	1.674457130400064
14	14	/tank/projects/diana_hic/cultures_vs_postmortem/8_add_new_tissues/tads_pcas/additional_tissues_tads_results/full_insulation_score_Keough_HS1_NPC_5kb_hg_15res_150wind.csv	Keough_HS1_NPC	Keough	NPC	-121.12988376517364	102.66298208884024	53.55886987978233	-12.389651803952402	-2.3987418175131605	-8.411797118510751
15	15	/tank/projects/diana_hic/cultures_vs_postmortem/8_add_new_tissues/tads_pcas/additional_tissues_tads_results/full_insulation_score_Malachowski_NPC_5kb_hg_15res_150wind.csv	Malachowski_NPC	Malachowski	NPC	-118.7371376484796	-51.67995747403932	-41.72047603483136	-72.42607322953484	-43.82150778464469	0.2572225253392547
16	16	/tank/projects/diana_hic/cultures_vs_postmortem/8_add_new_tissues/tads_pcas/additional_tissues_tads_results/full_insulation_score_Eres_iPSC_5kb_15res_150wind.csv	Eres_iPSC_5kb	Eres	iPSC	-124.63652473895394	-157.12764979411122	-93.61111831995028	14.892136889609109	-68.88929010571671	-1.2535880692168293
17	17	/tank/projects/diana_hic/cultures_vs_postmortem/8_add_new_tissues/tads_pcas/additional_tissues_tads_results/full_insulation_score_Cordazzo_iPSC_5kb_15res_150wind.csv	Cordazzo_iPSC_5kb	Cordazzo	iPSC	-237.46567061149932	-97.32214396649852	-45.15697099076089	82.4175937419417	79.35046899042067	0.8688996277205016
18	18	/tank/projects/diana_hic/cultures_vs_postmortem/8_add_new_tissues/tads_pcas/additional_tissues_tads_results/full_insulation_score_GSE167200_H9_ESC_15res_150wind.csv	Zhang	Zhang	ESC	-244.12681295560952	-157.65487789629145	56.95827300202519	127.01172343896444	88.4769417014595	-37.2797748791248
19	19	/tank/projects/diana_hic/cultures_vs_postmortem/8_add_new_tissues/tads_pcas/additional_tissues_tads_results/full_insulation_score_GSE52457_H1_ESC_15res_150wind.csv	Dixon	Dixon	ESC	-143.68840922166473	-185.82945132387	-44.68110589167071	61.239986869458825	-45.772481373890656	-15.135621643314831
20	20	/tank/projects/diana_hic/cultures_vs_postmortem/8_add_new_tissues/tads_pcas/additional_tissues_tads_results/full_insulation_score_Lu2020_hESC_5kb_15res_150wind.csv	Lu	Lu	ESC	-164.09204034018322	-191.71142058756368	-0.5570334597214197	80.79563791202979	-20.223681483964384	-32.45949027851581
21	21	/tank/projects/diana_hic/cultures_vs_postmortem/8_add_new_tissues/tads_pcas/additional_tissues_tads_results/full_insulation_score_Lyu_H9_ESC_15res_150wind.csv	Lyu	Lyu	ESC	-154.05551307575644	-171.60918779490092	-106.54049898211636	13.53026000940956	-44.26256891194605	19.392198087890343
22	22	/tank/projects/diana_hic/cultures_vs_postmortem/2_tads/tads_borders_layouts/exact_maps/full_insulation_score_Zaghi2023_iPSC_NeuNplus_15res_150wind.csv	Zaghi2023_iPSC_NeuNplus	Zaghi	iPSC-derived neurons	-3.3476663796414567	44.978731241646656	33.43118741688624	-175.58294660931634	-54.51202102231047	9.153294670248023
23	23	/tank/projects/diana_hic/cultures_vs_postmortem/2_tads/tads_borders_layouts/exact_maps/full_insulation_score_Amy_CMN_CaB_Gpe_BNST_NAC_Pu_IN_29_42_58_years_15res_150wind.csv	Amy_CMN_CaB_Gpe_BNST_NAC_Pu_IN_29_42_58_years	Tian (IN, amygdala)	Post-mortem neurons	260.1011598236095	-32.78847726834907	-50.39317500890508	6.729369111130311	-44.7784357964523	46.51745132805165
24	24	/tank/projects/diana_hic/cultures_vs_postmortem/2_tads/tads_borders_layouts/exact_maps/full_insulation_score_Titus_iPSC_drop_diag_5kb_15res_150wind.csv	Titus_iPSC_drop_diag_5kb	iPSC Titus	iPSC	-123.54450776443814	-171.18856727772814	-193.9775943868899	-36.22339453494183	-128.7030479988965	23.74955126857325
25	25	/tank/projects/diana_hic/cultures_vs_postmortem/2_tads/tads_borders_layouts/exact_maps/full_insulation_score_SEP_SI_IN_29_42_58_years_15res_150wind.csv	SEP_SI_IN_29_42_58_years	Tian (IN, septum)	Post-mortem neurons	260.80766070729163	-24.24438645461484	-34.97821442938213	13.28910681635703	-39.38057909771481	55.72511694760919
26	26	/tank/projects/diana_hic/cultures_vs_postmortem/2_tads/tads_borders_layouts/exact_maps/full_insulation_score_Lu2020_iPSC_NeuNplus_15res_150wind.csv	Lu2020_iPSC_NeuNplus	Lu	iPSC-derived neurons	-43.44914843583447	-7.126813861567968	325.6356159388352	119.9749381222265	-103.58231234063776	-20.661295255838688
27	27	/tank/projects/diana_hic/cultures_vs_postmortem/2_tads/tads_borders_layouts/exact_maps/full_insulation_score_Li2022_iPSC_NeuNplus_15res_150wind.csv	Li2022_iPSC_NeuNplus	Li	iPSC-derived neurons	-41.140404529954665	-50.87246232007512	194.0953234768332	-73.11421568936483	92.04841267160306	-11.859002871945885
28	28	/tank/projects/diana_hic/cultures_vs_postmortem/2_tads/tads_borders_layouts/exact_maps/full_insulation_score_MTG_LEC_EN_29_42_58_years_15res_150wind.csv	MTG_LEC_EN_29_42_58_years	Tian (EN, MTG)	Post-mortem neurons	317.2196325699754	-20.592145633366705	-103.21140158863342	-11.575234005704026	64.76642913575331	-87.51677871246389
29	29	/tank/projects/diana_hic/cultures_vs_postmortem/2_tads/tads_borders_layouts/exact_maps/full_insulation_score_V1C_EN_29_42_58_years_15res_150wind.csv	V1C_EN_29_42_58_years	Tian (EN, V1C)	Post-mortem neurons	296.5924106067684	-20.90618599242677	-42.36731695306901	82.18987474198828	57.614969093517054	-138.41611727391393
30	30	/tank/projects/diana_hic/cultures_vs_postmortem/2_tads/tads_borders_layouts/exact_maps/full_insulation_score_Heffel_3T_15res_150wind.csv	Heffel_3T	Heffel (3T)	Fetal neurons	185.0281144715836	-48.210809793477445	150.946083580651	47.54885253353305	70.44529359269883	16.70821578798532
31	31	/tank/projects/diana_hic/cultures_vs_postmortem/2_tads/tads_borders_layouts/exact_maps/full_insulation_score_Hu2021_NeuNplus_15res_150wind.csv	Hu2021_NeuNplus	Hu	Post-mortem neurons	260.8245940921123	-40.715729834603685	-51.76783555284533	17.340886451031984	1.3914643067749273	-70.65439524445416
32	32	/tank/projects/diana_hic/cultures_vs_postmortem/2_tads/tads_borders_layouts/exact_maps/full_insulation_score_Amy_CMN_CaB_Gpe_BNST_NAC_Pu_EN_29_42_58_years_15res_150wind.csv	Amy_CMN_CaB_Gpe_BNST_NAC_Pu_EN_29_42_58_years	Tian (EN, amygdala)	Post-mortem neurons	268.3861793350228	-7.795049551065418	-94.67908389033298	-57.309690463949416	47.75839651515656	-41.915443909996405
33	33	/tank/projects/diana_hic/cultures_vs_postmortem/2_tads/tads_borders_layouts/exact_maps/full_insulation_score_MTG_LEC_IN_29_42_58_years_15res_150wind.csv	MTG_LEC_IN_29_42_58_years	Tian (IN, MTG)	Post-mortem neurons	256.47478612573485	12.535144365976898	24.074007224721115	55.59899164082604	-31.643077228348144	210.9099389089529
34	34	/tank/projects/diana_hic/cultures_vs_postmortem/2_tads/tads_borders_layouts/exact_maps/full_insulation_score_Ballerino2022_NPC_5kb_drop_diag_5kb_15res_150wind.csv	Ballerino2022_NPC_5kb_drop_diag_5kb	Ballarino	NPC	-83.04930893720744	44.86024040413289	23.71475594034476	-119.48066209694036	-48.34066135515414	-12.880178425124482
35	35	/tank/projects/diana_hic/cultures_vs_postmortem/2_tads/tads_borders_layouts/exact_maps/full_insulation_score_V1C_IN_29_42_58_years_15res_150wind.csv	V1C_IN_29_42_58_years	Tian (IN, V1C)	Post-mortem neurons	274.4457011663098	15.913144061469207	34.65579548720395	100.78934685696822	-37.72291436057764	209.98226070757983
36	36	/tank/projects/diana_hic/cultures_vs_postmortem/2_tads/tads_borders_layouts/exact_maps/full_insulation_score_Zaghi2023_NPC_5kb_drop_diag_5kb_15res_150wind.csv	Zaghi2023_NPC_5kb_drop_diag_5kb	Zaghi	NPC	-84.36360872353772	1.063356814090766	-30.71805286665816	-97.85660131576108	-86.08338377503162	3.374529677740244
37	37	/tank/projects/diana_hic/cultures_vs_postmortem/2_tads/tads_borders_layouts/exact_maps/full_insulation_score_Rahman2023_FetalBrain_drop_diag_5kb_15res_150wind.csv	Rahman2023_FetalBrain_drop_diag_5kb	Rahman	Fetal neurons	34.00495077187396	-68.5000281033646	205.2543191566747	55.59135204801096	-0.94443822916889	-12.076959868000156
38	38	/tank/projects/diana_hic/cultures_vs_postmortem/2_tads/tads_borders_layouts/exact_maps/full_insulation_score_Rahman2023_NeuNplus_15res_150wind.csv	Rahman2023_NeuNplus	Rahman	Post-mortem neurons	121.3885692214439	-58.55459627356867	0.6316234180725274	10.578728773894232	20.05410448620537	-62.42239643079268
39	39	/tank/projects/diana_hic/cultures_vs_postmortem/2_tads/tads_borders_layouts/exact_maps/full_insulation_score_Rajarajan_NPC_5kb_drop_diag_5kb_15res_150wind.csv	Rajarajan_NPC_5kb_drop_diag_5kb	Rajarajan	NPC	-43.46227631428482	65.852411251507	55.10220938372593	-33.16293518773446	-127.26551298842573	-10.913703461991515
40	40	/tank/projects/diana_hic/cultures_vs_postmortem/2_tads/tads_borders_layouts/exact_maps/full_insulation_score_Okhovat2023_iPSC_NeuNplus_5kb_drop_diag_5kb_15res_150wind.csv	Okhovat2023_iPSC_NeuNplus_5kb_drop_diag_5kb	Okhovat	iPSC-derived neurons	-50.27002956664178	37.68799440123188	45.117292805309	-185.38531138431028	66.99646633034197	-20.069975875223477
41	41	/tank/projects/diana_hic/cultures_vs_postmortem/2_tads/tads_borders_layouts/exact_maps/full_insulation_score_Titus_NPC_drop_diag_5kb_15res_150wind.csv	Titus_NPC_drop_diag_5kb	Titus	NPC	-71.82466047039222	11.767565135004334	143.885948434582	-78.57618255817621	-47.838068539063904	-16.622774363674868
42	42	/tank/projects/diana_hic/cultures_vs_postmortem/2_tads/tads_borders_layouts/exact_maps/full_insulation_score_Pletenev2024_NeuNplus_15res_150wind.csv	Pletenev2024_NeuNplus	Our data	Post-mortem neurons	234.44105549475373	-12.561760542559584	-35.565528867642485	13.662552135502008	-15.363826428240456	-67.6616417223094
43	43	/tank/projects/diana_hic/cultures_vs_postmortem/2_tads/tads_borders_layouts/exact_maps/full_insulation_score_Pir_EN_29_42_58_years_15res_150wind.csv	Pir_EN_29_42_58_years	Tian (EN, piriform cortex)	Post-mortem neurons	299.8677002572598	-27.28559735415672	-101.38592065919596	-31.125829129895298	32.428193358076214	-72.10611126615417
44	44	/tank/projects/diana_hic/cultures_vs_postmortem/2_tads/tads_borders_layouts/exact_maps/full_insulation_score_Rajarajan_iPSC_Glia_5kb_drop_diag_5kb_15res_150wind.csv	Rajarajan_iPSC_Glia_5kb_drop_diag_5kb	Rajarajan	iPSC-derived glia	-83.60177186703824	147.85826687943555	6.03799821846248	-0.0582917868939956	-36.146466434755496	-20.04760799207531
45	45	/tank/projects/diana_hic/cultures_vs_postmortem/2_tads/tads_borders_layouts/exact_maps/full_insulation_score_PsychENCODE_iPSC_NeuNplus_15res_150wind.csv	PsychENCODE_iPSC_NeuNplus	Rajarajan	iPSC-derived neurons	-19.703794781771656	21.02948183209176	93.32179513778898	-118.12128194254416	-36.91284455632787	-8.07855714836883
46	46	/tank/projects/diana_hic/cultures_vs_postmortem/2_tads/tads_borders_layouts/exact_maps/full_insulation_score_Tian2023_NeuNplus_EN_IN_29_42_58_years_15res_150wind.csv	Tian2023_NeuNplus_EN_IN_29_42_58_years	Tian	Post-mortem neurons	285.6099569043287	-7.534131636518922	-45.769523876611125	17.306544753112657	32.66008341661753	24.98617762731046
47	47	/tank/projects/diana_hic/cultures_vs_postmortem/2_tads/tads_borders_layouts/exact_maps/full_insulation_score_A46_FI_M1C_IN_29_42_58_years_15res_150wind.csv	A46_FI_M1C_IN_29_42_58_years	Tian (IN, A46)	Post-mortem neurons	245.74135574354017	7.3480677913730466	25.57765813244202	57.180410219855695	-33.97486192523454	196.0692633631469
48	48	/tank/projects/diana_hic/cultures_vs_postmortem/2_tads/tads_borders_layouts/exact_maps/full_insulation_score_Lagarkova_culture_iPSC_NeuNplus_drop_diag_5kb_15res_150wind.csv	Lagarkova_culture_iPSC_NeuNplus_drop_diag_5kb	Our data	iPSC-derived neurons	-51.55390467912952	-59.07552789724253	165.8177914065688	12.26018145208379	-103.31657851476515	-16.021407235734728
49	49	/tank/projects/diana_hic/cultures_vs_postmortem/2_tads/tads_borders_layouts/exact_maps/full_insulation_score_A46_FI_M1C_EN_29_42_58_years_15res_150wind.csv	A46_FI_M1C_EN_29_42_58_years	Tian (EN, A46)	Post-mortem neurons	296.3827736383011	-16.64973460244848	-82.68409774289303	1.6413009823998963	70.36089687724946	-95.946584349184
50	50	/tank/projects/diana_hic/cultures_vs_postmortem/2_tads/tads_borders_layouts/exact_maps/full_insulation_score_Heffel_infant_15res_150wind.csv	Heffel_infant	Heffel (infant)	Fetal neurons	256.2655178460945	-10.834676115002589	-5.157324655886532	-0.6921455105148182	80.70474783907635	8.94878722297236
51	51	/tank/projects/diana_hic/cultures_vs_postmortem/2_tads/tads_borders_layouts/exact_maps/full_insulation_score_Ballerino2022_iPSC_NeuNplus_15res_150wind.csv	Ballerino2022_iPSC_NeuNplus	Ballarino	iPSC-derived neurons	-8.195608014646927	29.940984951286467	75.63173866209148	-135.44732168526664	-68.59013732984128	-1.3852013753747427
52	52	/tank/projects/diana_hic/cultures_vs_postmortem/2_tads/tads_borders_layouts/exact_maps/full_insulation_score_Lu2020_iPSC_5kb_drop_diag_5kb_15res_150wind.csv	Lu2020_iPSC_5kb_drop_diag_5kb	iPSC Lu	iPSC	-144.51292527109896	-190.79307524421455	-13.26832471893483	53.70723577865709	-70.58767898662686	-22.10348225061543
53	53	/tank/projects/diana_hic/cultures_vs_postmortem/2_tads/tads_borders_layouts/exact_maps/full_insulation_score_Titus_Neuron_drop_diag_5kb_15res_150wind.csv	Titus_Neuron_drop_diag_5kb	Titus	iPSC-derived neurons	20.730931325862954	27.101718450976616	84.61458063303002	-187.60032528987625	5.923291873808572	-9.691823402628524
54	54	/tank/projects/diana_hic/cultures_vs_postmortem/2_tads/tads_borders_layouts/exact_maps/full_insulation_score_Heffel_adult_15res_150wind.csv	Heffel_adult	Heffel	Post-mortem neurons	250.2559402620941	6.863706337365696	-38.58733300465872	9.567641022013117	85.6932989253635	-36.75505872993642
55	55	/tank/projects/diana_hic/cultures_vs_postmortem/2_tads/tads_borders_layouts/exact_maps/full_insulation_score_Ballerino2022_NES_5kb_drop_diag_5kb_15res_150wind.csv	Ballerino2022_NES_5kb_drop_diag_5kb	Ballarino	NES	-115.77223072218372	-17.668584115291573	-27.70119695875874	-88.03670801388834	-16.831146359746924	-9.038850029069904
56	56	/tank/projects/diana_hic/cultures_vs_postmortem/2_tads/tads_borders_layouts/exact_maps/full_insulation_score_Rahman2023_iPSC_NeuNplus_CRISPRi_Scrambled_A_DpnII-HinfI_15res_150wind.csv	Rahman2023_iPSC_NeuNplus_CRISPRi_Scrambled_A_DpnII-HinfI	Rahman	iPSC-derived neurons	-64.80152635962254	8.360795885543851	205.19542390327103	-38.75517557040551	6.611850903579363	-20.26427659348287
57	57	/tank/projects/diana_hic/cultures_vs_postmortem/2_tads/tads_borders_layouts/exact_maps/full_insulation_score_Wu2021_iPSC_NeuNplus_15res_150wind.csv	Wu2021_iPSC_NeuNplus	Wu	iPSC-derived neurons	-105.11603463343435	17.499955059293708	34.80690793582971	-114.867278284237	41.0437040144548	-11.04688706588866
58	58	/tank/projects/diana_hic/cultures_vs_postmortem/2_tads/tads_borders_layouts/exact_maps/full_insulation_score_Heffel_2T_15res_150wind.csv	Heffel_2T	Heffel (2T)	Fetal neurons	54.25894601064476	-16.279190556617184	242.7090433413379	51.20630749221564	77.06222508528947	15.686055094450593
